league,season,team,player,nation,pos,age,born,mp,starts,min,90s,gls,ast,g_a,gls_npk,pk,pkatt,yellow,red,gls_p90,ast_p90,g_a_p90,gls_npk_p90,g_a_npk_p90,player_key,sh,sot,sot_pct,sh_p90,sot_p90,g_per_sh,g_per_sot,gk_ga,gk_ga90,gk_sota,gk_saves,gk_save_pct,gk_w,gk_d,gk_l,gk_cs,gk_cs_pct,gk_pk_faced,gk_pk_allowed,gk_pk_saved,gk_pk_missed,gk_pk_save_pct,mn_per_mp,min_pct,mn_per_start,starts_completed,subs,mn_per_sub,unsub,ppm,ong,onga,plus_minus,plus_minus_p90,on_off,second_yellow,fouls,fouled,offsides,crosses,interceptions,tkl_won,own_goals,country,league_tier,club_league_difficulty,primary_pos,is_gk,is_df,is_mf,is_fw,gk_save_pct_adj,gls_adj,ast_adj,g_a_adj,sh_adj,sot_adj,npg_adj,tkl_won_adj,interceptions_adj,crosses_adj,fouls_adj,involvement,shot_quality,discipline,fwd_raw,mid_raw,def_raw,gk_ga90_inv,gk_raw,fwd_score,mid_score,def_score,gk_score,trend_gls_p90,trend_ast_p90,trend_g_a_p90,trend_gls_adj,trend_ast_adj,weighted_score,seasons_in_data,form_trend_bonus,pick,position_group,role
USA-MLS,2526,Vancouver W'caps,Yohei Takaoka,JPN,GK,30.0,1996.0,9,9,810,9.0,0,1,1,0,0,0,0,0,0.0,0.11,0.11,0.0,0.11,yohei takaoka||vancouver w'caps||2026,0,0,,0.0,0.0,,,5.0,0.56,21.0,16.0,76.2,8.0,0.0,1.0,5.0,55.6,0.0,0.0,0.0,0.0,,90,100.0,90.0,9,0,,0,2.67,25,5,20,2.22,,0,1,4,0,0,0,0,0,USA,2,2.8,GK,True,False,False,False,76.2,0.0,0.308,0.308,0.0,0.0,0.0,0.0,0.0,0.0,0.311111111111111,0.04,0.0,0.0,,,,2.87,34.697500000000005,,,,76.47741593155139,0.0,0.11,0.11,0.0,0.308,71.03,3.0,0.0,1,GK,starter
ITA-Serie A,2526,Parma,Zion Suzuki,JPN,GK,24.0,2002.0,16,16,1440,16.0,0,0,0,0,0,0,1,0,0.0,0.0,0.0,0.0,0.0,zion suzuki||parma||2526,0,0,,0.0,0.0,,,22.0,1.37,69.0,49.0,69.6,2.0,7.0,7.0,4.0,25.0,2.0,1.0,1.0,0.0,50.0,90,48.5,90.0,16,0,,2,0.81,11,22,-11,-0.69,-0.39,0,0,4,0,0,0,0,0,Italy,1,4.6,GK,True,False,False,False,69.6,0.0,0.0,0.0,0.0,0.0,0.0,0.0,0.0,0.0,0.0,0.0,0.0,0.0625,,,,2.06,31.3365,,,,69.04667153058743,0.0,0.0,0.0,0.0,0.0,58.41,2.0,0.0,2,GK,backup
BEL-First Division A,2526,Antwerp,Taishi Nozawa,JPN,GK,24.0,2002.0,25,25,2204,24.5,0,0,0,0,0,0,1,0,0.0,0.0,0.0,0.0,0.0,taishi nozawa||antwerp||2526,0,0,,0.0,0.0,,,26.0,1.06,96.0,74.0,76.0,9.0,4.0,12.0,7.0,28.0,4.0,3.0,1.0,0.0,25.0,88,72.0,88.0,23,0,,5,1.24,27,26,1,0.04,0.15,0,0,7,0,0,0,2,0,Belgium,2,3.2,GK,True,False,False,False,76.0,0.0,0.0,0.0,0.0,0.0,0.0,0.2612244897959183,0.0,0.0,0.0,0.0,0.0,0.0408163265306122,,,,2.37,31.515000000000004,,,,69.4413123742566,,,,,,55.55,1.0,0.0,3,GK,sub
BEL-First Division A,2425,Sint-Truiden,Leo Kokubo,JPN,GK,23.0,2001.0,33,33,2970,33.0,0,0,0,0,0,0,3,0,0.0,0.0,0.0,0.0,0.0,leo kokubo||sint-truiden||2425,0,0,,0.0,0.0,,,55.0,1.67,132.0,88.0,65.9,10.0,11.0,12.0,5.0,15.2,11.0,10.0,1.0,0.0,9.1,90,91.7,90.0,33,0,,1,1.24,48,55,-7,-0.21,2.79,0,1,8,0,0,0,0,1,Belgium,2,3.2,GK,True,False,False,False,65.9,0.0,0.0,0.0,0.0,0.0,0.0,0.0,0.0,0.0,0.0969696969696969,0.0,0.0,0.0909090909090909,,,,1.7600000000000002,24.5785,,,,54.10559129800359,,,,,,54.42,2.0,0.0,4,GK,alternate
POR-Primeira Liga,2324,Portimonense,Kosuke Nakamura,JPN,GK,28.0,1995.0,20,20,1800,20.0,0,0,0,0,0,0,1,0,0.0,0.0,0.0,0.0,0.0,kosuke nakamura||portimonense||2324,0,0,,0.0,0.0,,,38.0,1.9,95.0,59.0,62.1,4.0,7.0,9.0,2.0,10.0,3.0,2.0,0.0,1.0,0.0,90,58.8,90.0,20,0,,7,0.95,24,38,-14,-0.7,0.66,0,0,1,0,0,0,0,1,Portugal,2,3.4,GK,True,False,False,False,62.1,0.0,0.0,0.0,0.0,0.0,0.0,0.0,0.0,0.0,0.0,0.0,0.0,0.05,,,,1.5300000000000002,21.1115,,,,46.4404943512193,,,,,,37.15,1.0,0.0,5,GK,alternate
USA-MLS,2425,LA Galaxy,Miki Yamane,JPN,DF,31.0,1993.0,31,24,2216,24.6,1,4,5,1,0,0,4,0,0.04,0.16,0.2,0.04,0.2,miki yamane||la galaxy||2025,11,3,27.3,0.45,0.12,0.09,0.33,,,,,,,,,,,,,,,,71,72.4,86.0,16,7,23.0,1,0.97,34,50,-16,-0.65,-0.22,0,19,10,2,47,32,37,1,USA,2,2.8,DF,False,True,False,False,,0.1119999999999999,0.4479999999999999,0.5599999999999999,1.26,0.3359999999999999,0.1119999999999999,4.211382113821138,3.642276422764228,5.349593495934959,2.16260162601626,0.1470588235294117,0.33,0.1626016260162601,,,1.5760243902439026,0.0,,,,76.07372217522203,,0.04,0.04,0.08,0.1119999999999999,0.1119999999999999,79.91,3.0,0.34,1,DF,starter
BEL-First Division A,2425,Kortrijk,Ryotaro Tsunoda,JPN,DF,25.0,1999.0,12,11,994,11.0,0,0,0,0,0,0,2,0,0.0,0.0,0.0,0.0,0.0,ryotaro tsunoda||kortrijk||2425,5,3,60.0,0.45,0.27,0.0,0.0,,,,,,,,,,,,,,,,83,30.7,89.0,10,1,20.0,0,1.5,20,14,6,0.54,1.71,0,7,18,0,1,22,15,0,Belgium,2,3.2,DF,False,True,False,False,,0.0,0.0,0.0,1.4400000000000002,0.8640000000000001,0.0,4.363636363636363,6.4,0.2909090909090909,2.0363636363636366,0.0,0.0,0.1818181818181818,,,2.842681818181818,0.0,,,,83.18877583587596,,0.0,0.0,0.0,0.0,0.0,74.93,2.0,0.0,2,DF,backup
USA-MLS,2526,LA Galaxy,Maya Yoshida,JPN,DF,38.0,1988.0,8,6,536,6.0,1,0,1,1,0,0,0,0,0.17,0.0,0.17,0.17,0.17,maya yoshida||la galaxy||2026,7,4,57.1,1.18,0.67,0.14,0.25,,,,,,,,,,,,,,,,67,59.6,85.0,5,2,13.0,1,1.0,9,11,-2,-0.34,-0.58,0,3,3,0,0,3,8,0,USA,2,2.8,DF,False,True,False,False,,0.476,0.0,0.476,3.304,1.876,0.476,3.733333333333333,1.4,0.0,1.4,0.1111111111111111,0.25,0.0,,,0.9883333333333332,0.0,,,,72.77255067172213,,0.09,0.0,0.09,0.252,0.0,73.6,3.0,0.76,3,DF,sub
BEL-First Division A,2425,Kortrijk,Haruya Fujii,JPN,DF,23.0,2000.0,22,20,1822,20.2,0,0,0,0,0,0,0,0,0.0,0.0,0.0,0.0,0.0,haruya fujii||kortrijk||2425,6,1,16.7,0.3,0.05,0.0,0.0,,,,,,,,,,,,,,,,83,56.2,87.0,18,2,44.0,2,1.14,24,37,-13,-0.64,-0.01,0,12,19,0,8,29,24,0,Belgium,2,3.2,DF,False,True,False,False,,0.0,0.0,0.0,0.96,0.16,0.0,3.801980198019802,4.594059405940594,1.2673267326732676,1.900990099009901,0.0,0.0,0.0,,,1.7794108910891089,0.0,,,,77.21618250857524,,0.0,0.0,0.0,0.0,0.0,71.71,2.0,0.0,4,DF,sub
BEL-First Division A,2425,Union SG,Koki Machida,JPN,DF,26.0,1997.0,34,31,2696,30.0,1,0,1,1,0,0,4,1,0.03,0.0,0.03,0.03,0.03,koki machida||union sg||2425,11,5,45.5,0.37,0.17,0.09,0.2,,,,,,,,,,,,,,,,79,74.9,86.0,28,3,10.0,2,2.21,53,21,32,1.07,-0.03,1,26,12,4,17,35,34,0,Belgium,2,3.2,DF,False,True,False,False,,0.096,0.0,0.096,1.184,0.544,0.096,3.626666666666667,3.733333333333334,1.8133333333333332,2.773333333333333,0.0188679245283018,0.2,0.3,,,1.7571666666666668,0.0,,,,77.09123250479801,,0.0,-0.03,-0.04,0.0,-0.096,71.44,2.0,0.0,5,DF,sub
GER-Bundesliga,2324,Gladbach,Ko Itakura,JPN,"DF,MF",26.0,1997.0,20,18,1596,17.7,3,0,3,3,0,0,9,0,0.17,0.0,0.17,0.17,0.17,ko itakura||gladbach||2324,21,7,33.3,1.18,0.39,0.14,0.43,,,,,,,,,,,,,,,,80,52.2,87.0,13,2,20.0,0,0.8,23,35,-12,-0.68,-0.74,0,28,4,0,5,23,20,0,Germany,1,4.7,DF,False,True,False,False,,0.799,0.0,0.799,5.546,1.833,0.799,5.3107344632768365,6.107344632768362,1.3276836158192091,7.435028248587571,0.1304347826086956,0.43,0.5084745762711864,,,1.8385932203389823,0.0,,,,77.54862081358787,,,,,,,71.12,2.0,0.0,6,DF,sub
BEL-First Division A,2425,Sint-Truiden,Shogo Taniguchi,JPN,DF,33.0,1991.0,14,12,951,10.6,1,0,1,1,0,0,1,1,0.09,0.0,0.09,0.09,0.09,shogo taniguchi||sint-truiden||2425,5,1,20.0,0.47,0.09,0.2,1.0,,,,,,,,,,,,,,,,68,29.4,77.0,10,2,12.0,0,1.29,16,15,1,0.09,0.76,0,5,3,0,0,14,10,0,Belgium,2,3.2,DF,False,True,False,False,,0.288,0.0,0.288,1.504,0.288,0.288,3.018867924528302,4.226415094339624,0.0,1.509433962264151,0.0625,1.0,0.3773584905660377,,,1.7735094339622643,0.0,,,,77.18303291089602,,,,,,,69.79,2.0,0.0,7,DF,sub
BEL-First Division A,2324,Gent,Tsuyoshi Watanabe,JPN,DF,26.0,1997.0,35,35,3136,34.8,2,3,5,2,0,0,1,0,0.06,0.09,0.14,0.06,0.14,tsuyoshi watanabe||gent||2324,23,8,34.8,0.66,0.23,0.09,0.25,,,,,,,,,,,,,,,,90,87.1,90.0,34,0,,0,1.92,70,37,33,0.95,1.14,0,21,19,1,0,33,23,0,Belgium,2,3.2,DF,False,True,False,False,,0.192,0.288,0.448,2.112,0.7360000000000001,0.192,2.1149425287356323,3.0344827586206904,0.0,1.931034482758621,0.0714285714285714,0.25,0.028735632183908,,,1.453816091954023,0.0,,,,75.38725511559625,,,,,,,69.04,2.0,0.0,8,DF,sub
NED-Eredivisie,2425,AZ Alkmaar,Seiya Maikuma,JPN,DF,26.0,1997.0,26,21,1909,21.2,0,1,1,0,0,0,2,0,0.0,0.05,0.05,0.0,0.05,seiya maikuma||az alkmaar||2425,20,3,15.0,0.94,0.14,0.0,0.0,,,,,,,,,,,,,,,,73,62.4,85.0,14,5,25.0,3,1.93,40,20,20,0.94,0.86,0,17,28,0,33,27,53,0,Netherlands,2,3.5,DF,False,True,False,False,,0.0,0.175,0.175,3.29,0.49,0.0,8.75,4.4575471698113205,5.44811320754717,2.806603773584906,0.025,0.0,0.0943396226415094,,,3.3335094339622646,0.0,,,,85.94584712238319,,,,,,,68.76,1.0,0.0,9,DF,alternate
BEL-First Division A,2425,OH Leuven,Takuma Ominami,JPN,DF,26.0,1997.0,24,17,1660,18.4,1,0,1,1,0,0,2,0,0.05,0.0,0.05,0.05,0.05,takuma ominami||oh leuven||2425,11,2,18.2,0.6,0.11,0.09,0.5,,,,,,,,,,,,,,,,69,46.1,85.0,12,7,30.0,7,1.0,11,24,-13,-0.7,-0.7,0,11,5,0,5,11,19,0,Belgium,2,3.2,DF,False,True,False,False,,0.16,0.0,0.16,1.92,0.352,0.16,3.304347826086957,1.91304347826087,0.8695652173913045,1.91304347826087,0.0909090909090909,0.5,0.108695652173913,,,0.8626086956521742,0.0,,,,72.0663316705641,,,,,,,65.85,2.0,0.0,10,DF,alternate
INT-Champions League,2526,FC Copenhagen,Junnosuke Suzuki,JPN,DF,23.0,2003.0,7,6,573,6.4,0,1,1,0,0,0,2,0,0.0,0.16,0.16,0.0,0.16,junnosuke suzuki||fc copenhagen||2526,5,2,40.0,0.79,0.31,0.0,0.0,,,,,,,,,,,,,,,,82,79.6,88.0,5,1,45.0,1,1.0,10,16,-6,-0.94,0.89,0,8,10,0,6,5,10,0,Europe,1,5.5,DF,False,True,False,False,,0.0,0.88,0.88,4.345000000000001,1.705,0.0,8.59375,4.296875,5.15625,6.875,0.1,0.0,0.3125,,,2.46503125,0.0,,,,81.06744137059401,,,,,,,64.85,1.0,0.0,11,DF,alternate
GER-Bundesliga,2425,Freiburg,Ritsu Doan,JPN,MF,26.0,1998.0,34,33,2862,31.8,10,7,17,10,0,0,2,0,0.31,0.22,0.53,0.31,0.53,ritsu doan||freiburg||2425,61,23,37.7,1.92,0.72,0.16,0.43,,,,,,,,,,,,,,,,84,93.5,86.0,18,1,33.0,0,1.62,48,47,1,0.03,2.3,0,27,56,8,80,14,43,0,Germany,1,4.7,MF,False,False,True,False,,1.457,1.034,2.491,9.024,3.384,1.457,6.355345911949685,2.069182389937107,11.823899371069182,3.9905660377358494,0.3541666666666667,0.43,0.0628930817610062,,2.241991509433962,,0.0,,,55.91208007763504,,,0.0299999999999999,0.14,0.17,0.1409999999999998,0.658,49.88,2.0,1.02,1,MF,starter
NED-Eredivisie,2526,NEC Nijmegen,Kodai Sano,JPN,MF,23.0,2003.0,30,30,2700,30.0,3,7,10,3,0,0,3,0,0.1,0.23,0.33,0.1,0.33,kodai sano||nec nijmegen||2526,27,7,25.9,0.9,0.23,0.11,0.43,,,,,,,,,,,,,,,,90,100.0,90.0,30,0,,0,1.8,72,48,24,0.8,,0,41,35,1,62,44,39,0,Netherlands,2,3.5,MF,False,False,True,False,,0.35,0.805,1.155,3.15,0.805,0.35,4.55,5.133333333333333,7.233333333333334,4.783333333333333,0.1388888888888889,0.43,0.1,,1.3953611111111113,,0.0,,,49.337406054131264,,,0.01,0.14,0.15,0.035,0.49,49.65,3.0,0.9,2,MF,backup
ENG-Premier League,2425,Brighton,Kaoru Mitoma,JPN,MF,27.0,1997.0,36,28,2603,28.9,10,4,14,10,0,0,1,0,0.35,0.14,0.48,0.35,0.48,kaoru mitoma||brighton||2425,57,27,47.4,1.97,0.93,0.18,0.37,,,,,,,,,,,,,,,,72,76.1,85.0,14,8,29.0,0,1.64,53,40,13,0.45,1.11,0,40,24,5,72,12,27,0,England,1,5.0,MF,False,False,True,False,,1.75,0.7000000000000001,2.4,9.85,4.65,1.75,4.671280276816609,2.0761245674740487,12.45674740484429,6.920415224913495,0.2641509433962264,0.37,0.0346020761245674,,1.787840569302083,,0.0,,,52.3852820855598,,,0.1699999999999999,-0.0999999999999999,0.06,0.8500000000000001,-0.4999999999999999,48.69,3.0,0.36,3,MF,sub
POR-Primeira Liga,2425,Sporting CP,Hidemasa Morita,JPN,MF,29.0,1995.0,23,13,1294,14.4,2,3,5,2,0,0,1,0,0.14,0.21,0.35,0.14,0.35,hidemasa morita||sporting cp||2425,14,5,35.7,0.97,0.35,0.14,0.4,,,,,,,,,,,,,,,,56,42.3,80.0,4,10,25.0,1,2.48,40,11,29,2.02,0.39,0,17,9,0,8,13,23,0,Portugal,2,3.4,MF,False,False,True,False,,0.476,0.714,1.19,3.298,1.19,0.476,5.430555555555555,3.069444444444444,1.8888888888888888,4.013888888888889,0.125,0.4,0.0694444444444444,,1.3660277777777778,,0.0,,,49.10961231429923,,,0.06,0.0399999999999999,0.0999999999999999,0.204,0.1359999999999999,48.38,3.0,0.6,4,MF,sub
FRA-Ligue 1,2526,Monaco,Takumi Minamino,JPN,MF,31.0,1995.0,15,11,944,10.5,3,2,5,3,0,0,4,0,0.29,0.19,0.48,0.29,0.48,takumi minamino||monaco||2526,21,7,33.3,2.0,0.67,0.14,0.43,,,,,,,,,,,,,,,,63,35.0,78.0,1,4,22.0,1,1.53,17,14,3,0.29,0.08,0,10,8,3,8,3,3,0,France,1,4.3,MF,False,False,True,False,,1.247,0.817,2.064,8.6,2.881,1.247,1.2285714285714284,1.2285714285714284,3.276190476190476,4.095238095238095,0.2941176470588235,0.43,0.3809523809523809,,1.0238901960784317,,0.0,,,46.45267597546805,,,0.0499999999999999,0.07,0.12,0.2149999999999998,0.3009999999999999,47.96,3.0,0.72,5,MF,sub
NED-Eredivisie,2526,Sparta Rotterdam,Shunsuke Mito,JPN,"MF,FW",24.0,2002.0,21,20,1599,17.8,6,3,9,6,0,0,0,0,0.34,0.17,0.51,0.34,0.51,shunsuke mito||sparta rotterdam||2526,39,16,41.0,2.2,0.9,0.15,0.38,,,,,,,,,,,,,,,,76,59.2,78.0,7,1,32.0,0,1.38,18,24,-6,-0.34,0.32,0,11,30,9,54,4,10,0,Netherlands,2,3.5,MF,False,False,True,False,,1.1900000000000002,0.5950000000000001,1.785,7.700000000000001,3.15,1.1900000000000002,1.9662921348314604,0.7865168539325842,10.617977528089888,2.1629213483146064,0.5,0.38,0.0,,1.0640308988764045,,0.0,,,46.76439645762156,,,0.04,0.17,0.21,0.1400000000000001,0.5950000000000001,47.74,3.0,1.26,6,MF,sub
ESP-La Liga,2526,Real Sociedad,Takefusa Kubo,JPN,MF,25.0,2001.0,19,13,1216,13.5,2,4,6,2,0,0,1,0,0.15,0.3,0.44,0.15,0.44,takefusa kubo||real sociedad||2526,25,12,48.0,1.85,0.89,0.08,0.17,,,,,,,,,,,,,,,,64,43.6,79.0,3,6,31.0,1,1.11,15,18,-3,-0.22,-0.45,0,7,39,10,32,7,15,0,Spain,1,4.8,MF,False,False,True,False,,0.72,1.44,2.112,8.88,4.272,0.72,5.333333333333333,2.4888888888888885,11.377777777777776,2.4888888888888885,0.4,0.17,0.074074074074074,,1.5077185185185185,,0.0,,,50.209939487011866,,,-0.04,0.3,0.25,-0.1919999999999999,1.44,47.73,3.0,1.5,7,MF,sub
INT-Champions League,2425,Celtic,Reo Hatate,JPN,MF,26.0,1997.0,10,9,784,8.7,1,2,3,1,0,0,1,0,0.11,0.23,0.34,0.11,0.34,reo hatate||celtic||2425,20,6,30.0,2.3,0.69,0.05,0.17,,,,,,,,,,,,,,,,78,87.1,82.0,5,1,45.0,0,1.3,13,11,2,0.23,3.33,0,7,9,0,5,4,12,0,Europe,1,5.5,MF,False,False,True,False,,0.605,1.265,1.87,12.65,3.795,0.605,7.586206896551724,2.5287356321839085,3.160919540229885,4.42528735632184,0.2307692307692307,0.17,0.1149425287356322,,2.372400972590628,,0.0,,,56.92480028179223,,,0.11,0.23,0.34,0.605,1.265,47.58,1.0,2.04,8,MF,sub
GER-Bundesliga,2526,Mainz 05,Kaishu Sano,JPN,MF,26.0,2000.0,30,30,2699,30.0,1,1,2,1,0,0,1,0,0.03,0.03,0.07,0.03,0.07,kaishu sano||mainz 05||2526,17,4,23.5,0.57,0.13,0.06,0.25,,,,,,,,,,,,,,,,90,100.0,90.0,29,0,,0,1.13,36,45,-9,-0.3,-0.3,0,11,27,4,14,64,29,0,Germany,1,4.7,MF,False,False,True,False,,0.141,0.141,0.329,2.679,0.6110000000000001,0.141,4.543333333333334,10.026666666666667,2.1933333333333334,1.7233333333333334,0.0555555555555555,0.25,0.0333333333333333,,1.5215944444444447,,0.0,,,50.31769570497661,,,0.03,0.03,0.07,0.141,0.141,46.39,2.0,0.42,9,MF,alternate
BEL-First Division A,2526,Sint-Truiden,Ryotaro Ito,JPN,MF,28.0,1998.0,31,30,2556,28.4,8,4,12,5,3,3,1,0,0.28,0.14,0.42,0.18,0.32,ryotaro ito||sint-truiden||2526,68,25,36.8,2.39,0.88,0.07,0.2,,,,,,,,,,,,,,,,82,83.5,84.0,12,1,26.0,0,1.84,41,31,10,0.35,-0.01,0,17,39,4,137,12,8,0,Belgium,2,3.2,MF,False,False,True,False,,0.8960000000000001,0.448,1.344,7.648000000000001,2.8160000000000003,0.576,0.9014084507042256,1.3521126760563382,15.43661971830986,1.915492957746479,0.2926829268292683,0.2,0.0352112676056338,,0.7505281346616283,,0.0,,,44.329829397116,,,0.21,0.03,0.2299999999999999,0.6720000000000002,0.096,45.92,3.0,1.38,10,MF,alternate
ENG-Premier League,2526,Crystal Palace,Daichi Kamada,JPN,MF,30.0,1996.0,21,17,1494,16.6,0,0,0,0,0,0,2,0,0.0,0.0,0.0,0.0,0.0,daichi kamada||crystal palace||2526,16,4,25.0,0.96,0.24,0.0,0.0,,,,,,,,,,,,,,,,71,53.5,83.0,5,4,21.0,0,1.76,27,17,10,0.6,1.37,0,26,20,1,31,10,28,0,England,1,5.0,MF,False,False,True,False,,0.0,0.0,0.0,4.8,1.2,0.0,8.433734939759036,3.012048192771084,9.33734939759036,7.831325301204819,0.0,0.0,0.1204819277108433,,1.4125542168674698,,0.0,,,49.470922481162006,,,0.0,0.0,0.0,0.0,0.0,45.23,2.0,0.0,11,MF,alternate
NED-Eredivisie,2526,Feyenoord,Ayase Ueda,JPN,FW,28.0,1998.0,28,28,2253,25.0,23,1,24,23,0,0,1,0,0.92,0.04,0.96,0.92,0.96,ayase ueda||feyenoord||2526,93,41,44.1,3.72,1.64,0.25,0.56,,,,,,,,,,,,,,,,80,83.4,80.0,12,0,,0,1.86,50,32,18,0.72,0.12,0,23,50,6,6,3,6,0,Netherlands,2,3.5,FW,False,False,False,True,,3.22,0.14,3.36,13.02,5.739999999999999,3.22,0.84,0.42,0.84,3.22,0.48,0.56,0.04,2.4550000000000005,,,0.0,,55.19003853933421,,,,0.4,-0.03,0.36,1.4,-0.105,54.43,3.0,5.0,1,FW,starter
NED-Eredivisie,2526,NEC Nijmegen,Koki Ogawa,JPN,FW,29.0,1997.0,23,17,1205,13.4,8,3,11,7,1,1,1,0,0.6,0.22,0.82,0.52,0.75,koki ogawa||nec nijmegen||2526,38,18,47.4,2.84,1.34,0.18,0.39,,,,,,,,,,,,,,,,52,44.6,65.0,1,6,18.0,7,1.65,29,20,9,0.67,-0.23,0,12,14,8,1,3,6,0,Netherlands,2,3.5,FW,False,False,False,True,,2.1,0.77,2.87,9.94,4.69,1.82,1.5671641791044777,0.7835820895522388,0.2611940298507462,3.1343283582089554,0.3793103448275862,0.39,0.0746268656716417,1.828165208440556,,,0.0,,40.71629526004421,,,,0.2099999999999999,0.16,0.3699999999999999,0.7350000000000001,0.56,40.65,3.0,4.41,2,FW,backup
INT-Champions League,2425,Celtic,Daizen Maeda,JPN,FW,26.0,1997.0,9,9,758,8.4,4,0,4,4,0,0,1,1,0.47,0.0,0.47,0.47,0.47,daizen maeda||celtic||2425,15,7,46.7,1.78,0.83,0.27,0.57,,,,,,,,,,,,,,,,84,84.2,84.0,5,0,,0,1.44,13,13,0,0.0,1.27,0,9,4,4,12,6,2,0,Europe,1,5.5,FW,False,False,False,True,,2.585,0.0,2.585,9.79,4.565,2.585,1.3095238095238095,3.928571428571429,7.857142857142858,5.892857142857142,0.3076923076923077,0.57,0.4761904761904761,1.9893443223443228,,,0.0,,44.43795389807679,,,,0.47,-0.32,0.1499999999999999,2.585,-1.76,40.55,1.0,5.0,3,FW,sub
INT-Champions League,2324,Celtic,Kyogo Furuhashi,JPN,FW,28.0,1995.0,6,6,447,5.0,2,0,2,2,0,0,0,0,0.4,0.0,0.4,0.4,0.4,kyogo furuhashi||celtic||2324,10,5,50.0,2.01,1.01,0.2,0.4,,,,,,,,,,,,,,,,75,82.8,75.0,1,0,,0,0.67,4,9,-5,-1.01,3.83,0,1,5,1,1,0,0,0,Europe,1,5.5,FW,False,False,False,True,,2.2,0.0,2.2,11.055,5.555,2.2,0.0,0.0,1.1,1.1,0.5,0.4,0.0,2.2835,,,0.0,,51.230068534761095,,,,,,,,,37.42,2.0,0.0,4,FW,sub
GER-Bundesliga,2425,Holstein Kiel,Shuto Machino,JPN,"FW,MF",24.0,1999.0,32,23,1953,21.7,11,2,13,9,2,2,2,0,0.51,0.09,0.6,0.41,0.51,shuto machino||holstein kiel||2425,51,23,45.1,2.35,1.06,0.18,0.39,,,,,,,,,,,,,,,,61,63.8,71.0,8,9,35.0,2,0.69,31,52,-21,-0.97,-0.15,0,20,25,9,33,7,5,0,Germany,1,4.7,FW,False,False,False,True,,2.397,0.423,2.82,11.045000000000002,4.982,1.927,1.0829493087557605,1.5161290322580645,7.147465437788019,4.331797235023042,0.4193548387096774,0.39,0.0921658986175115,1.9888449308755765,,,0.0,,44.426422847133495,,,,,,,,,35.54,1.0,0.0,5,FW,sub
USA-MLS,2324,FC Cincinnati,Yuya Kubo,JPN,"FW,MF",30.0,1993.0,32,27,2398,26.6,10,2,12,10,0,0,5,0,0.38,0.08,0.45,0.38,0.45,yuya kubo||fc cincinnati||2024,60,24,40.0,2.25,0.9,0.17,0.42,,,,,,,,,,,,,,,,75,78.4,83.0,13,5,31.0,0,1.71,45,36,9,0.34,0.2,0,30,28,13,14,17,32,0,USA,2,2.8,FW,False,False,False,True,,1.0639999999999998,0.2239999999999999,1.26,6.3,2.52,1.0639999999999998,3.3684210526315788,1.7894736842105263,1.4736842105263157,3.1578947368421053,0.2666666666666666,0.42,0.18796992481203,1.0964015037593984,,,0.0,,23.819721959912,,,,,,,,,31.27,2.0,0.0,6,FW,sub
BEL-First Division A,2526,Sint-Truiden,Keisuke Goto,JPN,FW,21.0,2005.0,32,27,2429,27.0,11,6,17,9,2,2,4,0,0.41,0.22,0.63,0.33,0.56,keisuke goto||sint-truiden||2526,53,21,39.6,1.96,0.78,0.17,0.43,,,,,,,,,,,,,,,,76,79.4,86.0,15,5,23.0,0,1.78,39,30,9,0.33,-0.09,0,30,28,21,1,10,21,0,Belgium,2,3.2,FW,False,False,False,True,,1.312,0.7040000000000001,2.016,6.272,2.4960000000000004,1.056,2.488888888888889,1.1851851851851851,0.1185185185185185,3.555555555555556,0.4358974358974359,0.43,0.1481481481481481,1.2398772079772085,,,0.0,,27.132605254883025,,,,,,,,,21.71,1.0,0.0,7,FW,sub
TUR-Super Lig,2425,Göztepe,Kuryū Matsuki,JPN,"FW,MF",21.0,2003.0,28,10,1030,11.4,2,4,6,2,0,0,5,0,0.17,0.35,0.52,0.17,0.52,kuryū matsuki||göztepe||2425,24,10,41.7,2.1,0.87,0.08,0.2,,,,,,,,,,,,,,,,37,31.8,61.0,0,18,23.0,1,1.32,24,17,7,0.61,0.53,0,20,15,10,29,3,8,0,Turkey,2,3.1,FW,False,False,False,True,,0.527,1.085,1.612,6.510000000000001,2.697,0.527,2.175438596491228,0.8157894736842105,7.885964912280702,5.43859649122807,0.25,0.2,0.4385964912280701,1.070420175438597,,,0.0,,23.219807785979988,,,,,,,,,18.58,1.0,0.0,8,FW,alternate
POR-Primeira Liga,2324,Casa Pia,Yuki Soma,JPN,"FW,MF",26.0,1997.0,32,22,1887,21.0,5,3,8,5,0,0,3,0,0.24,0.14,0.38,0.24,0.38,yuki soma||casa pia||2324,26,13,50.0,1.24,0.62,0.19,0.38,,,,,,,,,,,,,,,,59,61.7,73.0,3,10,29.0,1,1.16,23,31,-8,-0.38,-0.07,0,29,52,3,61,4,13,0,Portugal,2,3.4,FW,False,False,False,True,,0.816,0.476,1.292,4.216,2.108,0.816,2.104761904761905,0.6476190476190475,9.876190476190477,4.695238095238095,0.3478260869565217,0.38,0.1428571428571428,0.8328310559006211,,,0.0,,17.733826521937328,,,,,,,,,14.19,1.0,0.0,9,FW,alternate
